metanephroi,marshal,snuffer,haphtarah,cabal,dreggy
pastorali,crop,chuffy,triforium,shed,runny
tragi,swap,goofy,scolex,outcry,newsy
calices,devil,woody,mahzor,whap,balky
pineta,pasquinade,ghastly,colon,skelly,tan
mice,yap,nippy,lytta,program,northeasterner
proptoses,address,marshy,kroon,fortify,wintry
syllepses,uncap,goer,amphora,plan,rushy
haloes,scar,squashy,bilbo,grave,prosy
hemolyses,dulcify,spiny,argali,tassel,shaggy
larvae,curse,snowy,mantis,stem,sunny
maculae,canal,wieldy,spiculum,pistol,grassy
amphisbaenae,scorify,bounder,zoosporangium,swab,savvy
tyros,signal,streaky,squama,slur,sweaty
hydromedusae,entrap,punchy,no,featherbed,gloomy
glossae,pot,picky,prytaneum,mortify,pearly
syringes,tab,goosy,superstratum,play_a_part,good
apomixes,sag,homey,vortex,overstep,grizzly
metempsychoses,jitterbug,creamy,dogfish,twit,wieldy
culices,blur,busty,cervix,aver,bleary
frontes,pip,pithy,ootheca,benefit,foggy
flamines,clop,lathy,shinleaf,tan,phony
dagoes,stand,plummy,enchondroma,gag,messy
epimysia,satisfy,sporty,tonneau,intercrop,finny
butterfishes,mud,tatty,pronephros,blab,gory
spearfishes,jog-trot,juicy,myosis,revivify,scurvy
spermogonia,pet,horsy,candlefish,deter,goer
cestuses,sink,bloodthirsty,lapith,forget,sightly
penicillia,inwrap,poky,antiserum,outbreed,leery
aspergilli,log,cute,schatchen,objectify,heavy
soles,lop,flabby,tragus,dun,streaky
lemmata,defer,soppy,bacchant,canal,plumy
myelencephala,scram,gutsy,heir-at-law,sty,broody
ministeria,bestride,mushy,putamen,plot,burly
costae,rectify,blowzy,spectrum,sandbag,choppy
crematoria,overspill,ready,vox,chivy,smoky
bani,versify,greasy,festschrift,grit,grizzly
criteria,clap,gamy,codfish,ban,pappy
penes,pod,stuffy,ens,unsnap,spiny
camerae,scrag,foamy,krone,sandbag,phony
antefixa,lug,privateer,beadsman,fine-draw,maungy
incudes,lip,sly,base_on_balls,slur,shapely
caducei,ride,ungodly,thalamencephalon,know,beater
drawknives,override,frowsy,cornu,gyp,eerie
heliozoa,drop,gushy,cyclosis,jab,ugly
fundi,jet,nutty,alto-relievo,miscarry,gassy
nautili,lean,catty,loggia,wigwag,bloody
marchesi,bully,woody,floreat,pod,costumer
artal,entrammel,shapely,ginkgo,step,crummy
minima,abet,lanky,milkfish,tog,sniffy
ficoes,offset,mocker,herbarium,gem,chippy
paraselenae,quarrel,barmy,tarsometatarsus,nab,brassy
kylikes,carburet,paster,naumachia,shop,dozy
strata,enthral,soggy,canaliculus,vitriol,leery
brachia,model,dowdy,fasciculus,outwit,fratchy
pollinia,oversee,rocky,vertebra,pasquinade,toothy
behooves,trammel,unholy,memorandum,subjectify,glossy
paraleipses,slay,gradely,lumpfish,repot,waxy
anamneses,jig,flaggy,synthesis,be,peter
spicula,don,spongy,tobacco,scrum,slimy
medusae,rebut,goodly,novena,overstep,folksy
hendecahedra,wear,whimsy,miasma,give,earthly
indices,span,jerky,cubiculum,levy,homer
thyrsi,unrip,yeasty,eyetooth,aby,silky
titmice,swim,weary,paterfamilias,prefer,thirsty
amorini,blob,misty,scapula,verbify,dry
myrmidones,forespeak,yare,esophagus,easy,webby
gospopoda,expel,choppy,frenulum,lignify,crumby
thoraces,fig,nifty,cavetto,tunnel,number
tomenta,overgrow,sexy,naevus,rob,part-timer
acre-feet,golly,scabby,hadj,mug,foggy
jacks-in-the-box,foredo,frenchy,haemoptysis,rigidify,noisy
avitaminoses,frivol,friendly,vinculum,sket,measly
entamebae,pod,beefy,mycelium,pasquinade,tiny
solidi,flip,slimy,archegonium,debus,signer
onagri,skelly,craggy,periosteum,join_forces,beefy
nasopharynges,drink,broody,kalmuc,squib,fiddly
epigastria,bite,owner,haematoma,stink,meaty
omasa,mar,kooky,toadfish,stab,crabby
gynoecea,demob,chubby,bisectrix,thrum,shifty
sancta,overpass,mouldy,arsis,ram,baulky
dicta,overwrite,hardy,succedaneum,strop,snatchy
jewfishes,control,lousy,cimex,wig,ready
suckfishes,shop,starest,dictum,seek,creamy
wagons-lits,reify,pedaler,comic_strip,spiral,tawdry
leaves,dishevel,frowzy,man-at-arms,embus,fat
prognoses,strew,chunky,lasso,trowel,boner
boraces,indemnify,bonny,cortina,remake,hairy
aurorae,basify,tangy,stomodaeum,retry,ruddy
cephalothoraces,yak,perky,drawknife,disenthrall,bony
vascula,pinch-hit,dreggy,ecdysis,ladify,naughty
maloti,mar,glassy,pygidium,break,airy
proscenia,top,minter,arteriosclerosis,see,salty
spermatozoa,underpay,trim,rabbitfish,drop,stealthy
gametangia,stud,bargainer,prosencephalon,whiz,stringy
symphyses,shend,ritzy,thorax,instal,bony
epiphyses,shake,hasty,pul,metal,buster
rosefishes,snag,foolhardy,coleorhiza,den,bumpy
gingivae,log,twiggy,prothorax,bet,young
epicedia,gap,godly,luba,tab,mothy
duonas,marshal,flinty,beche-de-mer,knob,logy
proboscides,hobnob,starchy,billet-doux,revel,fusty
scudi,saccharify,reedy,shul,con,kooky
syndesmoses,overblow,brassy,ciborium,bog-down,toothy
pronephroi,frenchify,dizzy,sorus,counterplot,leafy
clostridia,befall,horny,jingo,underprop,bloody
angiomata,beget,pussy,hernia,towel,burly
lassoes,blue-pencil,zany,chiasmus,thin,hot
shuln,spill,dotty,gemsbok,be,grainy
altocumuli,parallel,stapler,parenthesis,whiz,sleazy
jura,take_pains,choppy,portico,dam,moldy
cervices,airdrop,shaky,antrum,preachify,petty
arboreta,re-tread,drippy,ochrea,funnel,queasy
hypogea,preachify,wintery,desperado,crib,tinny
commandoes,retry,frouzy,adieu,stum,arty
micrococci,find,weighty,ephor,cog,backer
eddoes,bestir,mingy,androecium,debug,dreary
vice-chairman,belie,crusty,shako,eat,shy
proces-verbaux,wadset,wry,sporangium,drive,rattly
corybantes,dive,peachy,ferula,format,choppy
tallitoth,remake,limy,cilium,coopt,webby
rhyta,detoxify,scraggly,proces-verbal,kidnap,moldy
borborygmi,trammel,jolly,forefoot,get,briny
krooni,plat,rainy,entozoan,force-feed,archer
cavatine,torrefy,hammy,amicus_curiae,whet,dumpy
syntagmata,nab,horsy,premaxilla,kneel,seemly
ephori,shoe,guilty,palingenesis,cat,laky
eisteddfodau,befit,cleanly,foretooth,foredo,right-winger
anacruses,forbid,muggy,cortex,rectify,blowy
interregna,funnel,silly,paralysis,outstand,seemly
condottieri,minify,drab,navajo,partake,perky
hypothalami,kid,ugly,scyphistoma,non-pros,busy
kalmucks,jelly,hefty,imago,grip,scary
ramenta,quit,tipsy,epiphenomenon,stub,dozy
cymatia,rowel,caster,himation,cry,weepy
cycloses,empanel,gummy,endothelium,rive,springy
gembucks,forbear,sturdy,speculum,quarry,jointer
terzetti,shillyshally,camper,peccadillo,pitapat,hep
sterna,hypertrophy,dippy,moshav,tread,woolly
ectozoa,undershoot,mousy,treponema,jog-trot,crumbly
arterioscleroses,bear,thin,eisteddfod,chisel,hip
metamorphoses,humbug,whacky,yourself,duel,lovely
podetia,deepfreeze,sly,cicisbeo,take_steps,weensy
men-o'-war,devitrify,wieldy,spearfish,cup,blowy
feet,bet,plumy,syntagma,bivouac,printer
ovoli,tat,pawky,apsis,bird-dog,icy
endamebae,concur,halfway,goosefish,slam,unfriendly
sympodia,bum,gawky,sovkhoz,busy,racy
squashes,horrify,jazzy,yeshiva,pen,slaphappy
hectocotyli,modify,trendy,fossa,goose-step,ruddy
gynoecia,canal,healthy,tenia,equal,randy
trichinae,blat,testy,panettone,rut,catchy
mallei,unravel,batty,furcula,interlay,priestly
prytanea,terrify,ruddy,knight_templar,spellbind,drippy
tegmina,machine-gun,printer,rhombus,nid-nod,chuffy
glutaei,wrap,gassy,telium,pommel,fat
septennia,blab,crazy,strappado,unpeg,leary
psychoses,force-feed,bloodthirsty,ptosis,cub,lanky
epizoa,upswell,marshy,zero,impel,weakly
scaleni,scud,scanty,othman,demur,wacky
fishwives,prig,archer,formicarium,sully,crispy
parabases,ally,shabby,aardwolf,cat,scrawny
tarsi,fuel,woolly,leptocephalus,shim,scrubby
cutes,disinter,lively,polychasium,court-martial,mouthy
flabella,twig,vasty,pollinium,skip,skinny
gelsemia,dab,ratty,gonion,sprig,tasty
bushboks,shed,lonely,aquarium,blip,trim
ambulacra,verbify,filmy,triennium,candy,crawly
planetaria,leave_undone,crummy,pipefish,bulldog,slim
soprani,bog_down,lovely,pfennig,retransmit,sad
prothoraces,top,flossy,prognosis,forbid,bawdy
snaggleteeth,harry,murky,nucleolus,spring,untidy
imagines,weatherstrip,clammy,amphiarthrosis,scar,bumpy
shrewmice,draw,recorder,wreckfish,patrol,deadly
entera,overgrow,sandy,logion,dim,fancy
cicisbei,withstand,pretty,trauma,speak,wieldy
sera,trim,trusty,cathexis,unpeg,petty
postliminia,transfix,spooky,blastema,tittup,stingy
crania,clog,speedy,hieracosphinx,slit,happy
inquisitors-general,high-hat,chummy,anaptyxis,hang,beery
thesauri,up,drafty,pocketknife,say,dealer
syssarcoses,stud,naughty,indusium,tram,bosky
eryngoes,razor-cut,throaty,sunfish,crab,runny
chrysalides,nickel,sassy,dodo,pub,scabby
condylomata,phantasy,easy,staphylococcus,sing,lucky
crawfishes,sin,signer,shadchan,jot,puffy
propylaea,gin,grumpy,gurnar,strip,rattly
haphtaroth,notify,crawly,responsum,chip,holy
mitochondria,flag,wet,santims,sken,teenager
nimbi,chivy,swanky,cyclops,throw_out,chunky
labella,forbear,lordly,vertigo,cap,slippy
corbiculae,fun,chancy,virtuoso,throw_out,wary
glissandi,debug,sightly,bursa,rebel,sprightly
aardwolves,picnic,tiny,bacillus,forswear,bad
ommatidia,foresee,chary,caesura,prologue,marshy
blowfishes,twin,strong,paraleipsis,outlay,second-rater
punchinelloes,decontrol,snug,entamoeba,remit,timely
coagula,unswear,stringy,fleur-de-lys,plug,flabby
sunfishes,vat,ropy,lying-in,bar,burry
heirs-at-law,ted,grader,fetial,put,hip
stotkini,bivouac,vasty,bureau,shotgun,ashy
grottoes,unstep,shy,sudarium,lallygag,goosy
calcanei,glom,stringy,bureau_de_change,unknit,presenter
piscinae,undertake,unholy,organon,crap,poky
vulvae,shake_hands,unruly,gnosis,unspeak,blowsy
gingkoes,split,soggy,boxfish,clem,windy
bongoes,prod,weedy,latifundium,emulsify,needy
aquaria,frog,queenly,qaddish,copy,squat
modioli,upspring,clerkly,index,overdraw,catty
pectines,pen,dun,ventriculus,top,clumsy
scutella,kip,free,gateau,inlay,herby
bushbok,barrel,curly,chassid,swivel,hasty
apodoses,inweave,hazy,damselfish,marvel,snaky
haematozoa,scag,third-rater,shellfish,soft-pedal,dandy
icosahedra,look_towards,pearler,retina,become_known,frizzy
perionychia,unravel,roily,interleaf,think,modeler
solatia,hem,shirty,frons,metrify,stuffy
synarthroses,gan,canny,nucellus,sneak,holy
dogteeth,outgeneral,spindly,credendum,bag,inky
hyphae,outdo,planer,vallecula,wag,off
moshavim,rub,rosy,archesporium,con,milky
pericardia,bud,fratchy,mitzvah,chisel,steamy
duona,fit,friendly,noctiluca,bob,dandy
haustoria,gasify,earthy,proviso,marcel,sweaty
candelabra,frig,stormy,katabasis,cog,sexy
nemeses,unrig,gory,aggiornamento,mislay,zippy
xiphisterna,toady,wan,baculum,misunderstand,tricksy
antependia,lignify,flaky,rom,ego-trip,angry
bandeaux,mob,dusty,glutaeus,facet,brawny
canthi,bid,gory,wanderjahr,ship,newsy
haemolyses,forbid,catchy,hymenium,shellac,whacky
anthelia,have_the_feeling,tangy,cicala,handicap,wary
propyla,water-ski,natty,enarthrosis,forsake,woozy
ranunculi,shed,squat,calamus,unstep,halfway
copulae,panic,stately,negro,breast-feed,lathy
chapatties,co-star,groovy,lira,lie_for,wordy
apothecia,clarify,wordy,gynaecium,arc,flat
ommiades,plop,fat,spermatium,shag,knurly
lungfishes,floodlight,left-winger,phylum,demit,tidy
predelle,curet,burly,cirrostratus,pad,scrubby
amphimixes,slip,downy,stucco,partake,perky
porticoes,stop,dumpy,objet_d'art,untread,beastly
venae,look_towards,sleazy,rickettsia,wring,squat
reseaux,sidestep,boozy,sudatorium,nonplus,sassy
trymata,snap,shy,monochasium,bushel,free
robes-de-chambre,partake,drippy,gingiva,rebut,fluky
vertigines,equal,fatty,lamia,smite,tiny
fibrillae,gad,maligner,plasmodium,weave,handy
caeca,reave,gloomy,anamnesis,hedgehop,springy
rediae,strut,dandy,tympanum,begin,mainer
inocula,dispel,prissy,catfish,trammel,foxy
frenula,make,left-hander,conquistador,hobnob,testy
rearmice,outgas,botchy,archipelago,medal,shiny
gemeinschaften,tunnel,mealy,caryopsis,mat,dowie
chlamydes,put-put,worldly,echo,sub,lusty
adieux,swap,crispy,ramus,whir,camper
amici_curiae,dummy,goner,madrono,teach,nasty
oases,recur,liter,millennium,frit,pitchy
dentalia,divvy,mainer,alveolus,hob,squatty
sweetiewives,cub,mushy,volcano,reply,stringy
archesporia,outcry,canty,antependium,devitrify,snotty
morulae,submit,fluky,starets,divvy,doughty
wahhabis,busy,messy,umbilicus,spur,grumpy
optima,trek,milker,signorina,parcel,rangy
hili,uglify,shaggy,hogfish,misplead,murky
calli,mislay,foolhardy,stemma,precancel,mangy
paddlefishes,forget,folksy,edema,panic,shy
rouleaux,unify,hot,glochidium,fine-draw,brassy
lisente,inspan,leer,perinephrium,wig,smoky
hemodialyses,towel,leery,chitarrone,go_deep,snuffy
palingeneses,disannul,slimy,adytum,sap,spiffy
fideicommissa,giftwrap,rushy,endozoan,pandy,slaty
echini,squat,furry,genu,modify,tetchy
diplococci,clepe,acer,anthrax,sob,guilty
aortae,spiral,snowy,bandit,gum,trusty
crases,booby-trap,fancy,syllabus,kneecap,zany
organa,dehumidify,wry,nomen,tag,flabby
ganglia,clop,foamy,polypus,overwind,sappy
situlae,testify,loopy,man,fag,nifty
gestalten,rewrite,northeasterner,goy,baby,dishy
etyma,war,layer,quezal,forbear,cheesy
comatulae,zap,flaky,matzo,overbear,prosy
oedemata,spat,stumpy,dieresis,up,breathy
spermatia,cut,mad,mamma,co-star,silky
aurae,know,doughty,diaeresis,join_battle,lonely
sporozoa,ship,fratchy,peridium,appal,busty
diapophyses,dab,rushy,sputum,jag,good
phi-phenomena,saw,prissy,radius,chin,dun
ashes,fig,wiry,metencephalon,pasquinade,dodgy
magnificoes,skin,rutty,terzetto,lap,risky
cerci,combat,easy,caldarium,tin,oliver
tallithes,estop,thin,carcinoma,pit,floppy
sons-in-law,shine,doughy,bryozoan,lade,bushy
morescoes,pretermit,goosy,pons,forbid,sniffy
groszy,gratify,throaty,anta,sun,dressy
bacula,unsay,timely,haustorium,wad,freaky
qualia,rut,ranker,phyle,dissatisfy,weedy
palpi,misunderstand,sad,chateau,yodel,bitchy
vires,den,fluffy,nereid,sideslip,serer
lingoes,clot,sketchy,pileus,unravel,mousy
bok,ladify,fusty,mestizo,rip,blowzy
trapezia,transship,phony,louse,rebut,planer
pupae,shy,shabby,ultimatum,slay,overnighter
gynaecia,soothsay,spotty,rhonchus,picnic,cheesy
epithalamia,underprop,miffy,anthelix,tear,snaky
fuci,dag,cagey,plenum,fan,whimsy
convolvuli,bum,frisky,murex,tat,frosty
secretaries-general,peg,wary,infundibulum,oversimplify,deadly
putti,confer,chatty,shelf,dam,bonny
beches-de-mer,crab,mazy,calx,impel,prim
calculi,imply,dicey,syssarcosis,underpin,big
fallfishes,gib,windy,ascesis,vitriol,fit
velaria,outfight,tricksy,esophagus,bin,oily
enemata,vary,tetchy,snaggletooth,outgo,streaky
cavetti,hatchel,early,basileus,overtop,tipsy
ferulae,overdrive,luny,zoea,unship,misty
ricercacari,tap,ratty,aphelion,giftwrap,quaky
anaerobia,fog,TRUE,putto,steal,stormy
ptoses,excel,young,redfish,cudgel,feisty
flambeaux,disannul,jointer,gestalt,mud,chatty
oboli,acquit,choosy,morula,taxi,slaphappy
floreant.,spiral,muzzy,gammadion,scrum,flighty
splayfeet,tassel,lazy,leucocytozoan,crop,flossy
phyllotaxes,feed,mighty,amoebiasis,unplug,gamy
millennia,forgive,brassy,dollarfish,razor-cut,foreigner
syntheses,skip,blowy,bregma,unrig,lively
pinfishes,facet,empty,filefish,retake,smarmy
milieux,aby,nosy,blindfish,empanel,punchy
blastemata,skip,corny,sequela,initial,scanty
impies,have_a_feeling,yeasty,swellfish,eavesdrop,sultry
pinkoes,baby-sit,wormy,endothecium,hedgehop,queenly
swordfishes,stir,gassy,aerobium,bullwhip,thin
paleae,outgo,frouzy,executrix,forerun,smelly
perinea,strap,balmy,lungfish,dial,nappy
aspersoria,unstring,presenter,hallux,machine-gun,dreary
acicula,frenzy,snatchy,anacoluthon,curvet,knotty
stuccoes,parcel,rangy,nova,corral,wan
halluces,blow,quaggy,coccyx,forspeak,milky
senti,pedal,quaggy,primo,allot,hep
metencephala,drive,glossy,thickleaf,bethink,streamy
sheaves,ride,lonely,street_child,giftwrap,pasty
scarabaei,demystify,starchy,orthopteron,recap,showy
animalcula,fib,lippy,palmetto,marcel,frowsy
epiglottides,embus,drab,saphena,override,nosy
carbonadoes,flit,fussy,vermis,zip,cloudy
antennae,cabal,chary,rhinencephalon,nut,snug
meioses,leave,squiffy,phylloxera,signal,squashy
paraphyses,jot,tweedy,tholos,brim,chintzy
enneahedra,metrify,pearly,parergon,lug,inky
grandchildren,allow_for,crafty,scarf,frivol,northerner
folia,gambol,husky,uredinium,belly-flop,stately
diastases,snap,unhappy,lapillus,atrophy,catty
cochleae,prepay,bad,reseau,rethink,woozy
putamina,unswear,heavy,snipefish,bear,hunger
hens-and-chickens,hop,bloody,fish,toady,lofty
superstrata,nigrify,hardy,notum,devil,bubbly
actinozoa,typewrite,boozy,traditor,bird-dog,stocker
mediastina,remit,slim,enema,shed,cagey
ecclesiae,rob,weighty,minimum,fret,puny
sporangia,bloody,waxy,oceanid,bury,sappy
tilefishes,freeze,weakly,sporogonium,inter,snowy
knights_bachelors,unfit,spreader,pylorus,deepfreeze,fusty
axes,seed,blowsy,torso,take_a_side,sandy
gladioli,tie,beastly,diathesis,control,flaggy
frogfishes,arc,opener,fig.,recopy,zany
echidnae,frap,mangy,aponeurosis,knap,flighty
flagella,skim,header,hilus,outfit,wonky
litu,frit,pretty,cylix,chum,podgy
is,objectify,puffy,trunkfish,talc,milcher
menstrua,handicap,lowlander,oceanarium,unmake,fleecy
zoeas,initial,renter,nullipara,torrefy,piggy
hermae,overtake,tubby,paperknife,panel,stretcher
marvels-of-peru,submit,touchy,boschbok,stride,fussy
mausolea,mob,angry,penumbra,travel,dresser
pontifices,gully,dry,novella,confer,glassy
chaetae,spy,slaphappy,endamoeba,thud,dirty
monades,disbud,bonny,incus,spit,glib
addenda,gum,squiffy,mouse,fog,sporty
teraphim,outgeneral,mariner,ischium,steady,jumpy
rhabdomyomata,flip-flop,dreary,bravo,shrink,loony
lymphopoieses,arise,pudgy,phyllotaxis,stab,frowzy
strappadoes,fall,soppy,hypochondrium,sanctify,funky
hermai,outbreed,crumby,exordium,star,fiddly
stylopes,see,stripy,jackknife,seed,lovely
optic_axes,hocus,dingy,corpus_luteum,gip,seamy
puli,weary,dim,chapatti,shop,costly
angelfishes,fulfil,dinky,convolvulus,flog,messy
pappi,permit,merry,podium,tittup,healthy
runners-up,waylay,flat,carpogonium,fur,flossy
thecae,chum,lusty,hazzan,weep,weensy
crying,bevel,frenchy,triclinium,have_the_feeling,dingy
potatoes,retrofit,plashy,enteron,clip,naughty
syconia,verify,pater,cecum,non-pros,grumpy
somata,spancel,grubby,achaemenid,remarry,scaly
carryings-on,travesty,earthy,house_of_cards,speak,cheeky
beaux,laurel,frizzly,cry,edify,sandy
momenta,housel,newsy,synclinorium,gyp,sloppy
amoebae,instal,kindly,aspersorium,swim,weakly
major_axes,chivy,bossy,raphide,bog-down,bitchy
staphylococci,retake,grotty,mooncalf,water-ski,godly
vivaria,crab,sneaker,gametangium,disembowel,player
florae,disembowel,dresser,monsieur,fordo,founder
scaldfishes,unstop,randy,byssus,spin,snappy
alae,photocopy,goofy,copula,trapan,buggy
buckteeth,chivy,scaly,vivarium,overbear,comfy
ottomans,plan,hep,stigma,muddy,shady
uigurs,freeze-dry,piny,grant-in-aid,spy,leaky
wolves,flop,peppy,syndesmosis,misfit,ranker
ecchymoses,parody,leary,octopus,glom,soppy
lacunae,replevy,weedy,tenuis,frig,luny
panettoni,tell,dowdy,moonfish,annul,swarthy
stomata,quiz,leary,marchesa,distil,priestly
choragi,typeset,streaky,clitellum,jig,dopey
interleaves,zip,leggy,sawfish,overthrow,eastsider
oxen,disinter,wavy,chondroma,tinsel,gooey
foveolae,ship,ready,gomphosis,bin,chuffy
dollarfishes,let,humpy,atherosclerosis,bestir,princely
cellae,ski,edger,chiasma,backbite,cleanly
choriambi,wry,broody,epicanthus,teasel,burster
yourselves,etherify,spiky,rearmouse,spin-dry,winy
haggadas,understudy,frowzy,lacuna,leave,earthly
residua,sin,spotty,shittah,fur,brashy
humeri,string,stealthy,herm,shotgun,dizzy
latu,prim,unfriendly,radix,can,choosy
rhizobia,rim,sly,lemma,comply,wily
carinae,spur,palmy,bus,wham,beery
recti,swat,empty,anastomosis,hew,weepy
megara,acquit,attacker,gluteus,gig,woodsy
hila,drivel,stealthy,branchia,disbud,scurvy
beeves,overbuild,sturdy,paries,pun,weeny
mudejares,marcel,tasty,ellipsis,weave,muggy
goyim,photomap,wholesaler,pes,level,teeny
gynaecea,hat,silky,epizoan,swap,tony
personae,ballyrag,glad,flabellum,diagram,ratty
catalyses,fan,folksy,parapodium,strive,goner
apsides,pity,flighty,ostium,slog,sleazy
heldentenore,underprop,trashy,vesica,strow,kinky
extrema,red-pencil,runny,sanctum,drug,gummy
botargoes,dun,souther,epimysium,dap,yeasty
equilibria,aver,patchy,exanthema,lot,yummy
pigfishes,cog,shaky,lamina,channel,scungy
asceses,intermit,perky,isthmus,bejewel,rusher
cristae,prove,sprightly,lipoma,drip,spiny
tectrices,crossbreed,bleary,macula,jog,knurly
garfishes,tinsel,classy,gentleman-farmer,take_steps,trashy
equiseta,rehear,witty,labrum,rim,tinny
guilder,classify,kinky,secondo,strike,unruly
provisoes,revel,petty,ampulla,sublet,dowie
genii,trammel,tony,imago,ram,dainty
neuromata,take_steps,chintzy,decennium,thin,measly
banjoes,purify,clumsy,coccus,prig,fancy
quezales,forespeak,screwy,carpus,man,gabby
asci,spag,mirky,colloquium,plop,spiky
comae,jam,mad,actinia,lop,palmy
pollices,jolly,grotty,encephaloma,lallygag,tan
ancones,char,piggy,neurosis,map,pearler
mishnayoth,whiz,tan,scutum,wet,grouty
antae,carny,cranky,primipara,hem,paltry
aerobia,be,craggy,sinfonia,scorify,miffy
archerfishes,fantasy,paltry,cirrocumulus,revet,shiny
fedayeen,transfer,airy,alumnus,throb,wordy
zoonoses,plop,curly,mass_medium,pitapat,polisher
hemielytra,program,tacky,alumna,misdeal,yare
germina,lapidify,spiffy,hypanthium,vat,scrappy
primigravidae,counterplot,saucy,director-general,slip,skimpy
psychoneuroses,aerify,dozy,foot,lend,chintzy
tempi,handsel,TRUE,aecium,disembody,heady
symposia,chat,groggy,morphallaxis,bloody,manly
capita,clot,massy,carabiniere,plat,malty
hypophyses,chop,rusher,chalutz,bullwhip,sneaker
eupatridae,fin,kinky,saguaro,have_a_feeling,gory
morphallaxes,study,puny,haggada,hog,poky
mioses,unman,scruffy,cysticercus,hovel,wacky
pithoi,have_left,sniffy,chromonema,backslide,lofty
ginkgoes,underpin,scrubby,penna,repel,unhealthy
ploughmen,forerun,steady,fenestella,unsteady,herby
primordia,overcome,flinty,struma,inspan,scruffy
telia,bullshit,thrifty,melanoma,nod,rocky
enchondromata,ham,floaty,acromion,enwrap,lumpy
carides,abhor,unhappy,manteau,lip,clubby
corpora,have_left,randy,maar,envy,roaster
testudines,choose,chippy,pastorale,degas,shoddy
urethrae,do,bitchy,parrotfish,carol,sad
cognosenti,have_left,chummy,emporium,blip,viewy
faeroese,citify,draggy,flower-de-luce,testes,shy
devilfishes,tip,woozy,ashkenazi,mean,shrubby
contralti,slur,starer,testis,cleave,beastly
chelicerae,curet,gammy,myoma,slink,edger
needlefishes,scrum,spicy,fibroma,glut,filthy
shammosim,disbar,floppy,milium,dog,batty
kronen,rebel,scary,touraco,spoil,sickly
mantes,rut,faulty,jambeau,countersink,handy
aides-memoire,vitriol,dun,spadix,single-step,slaver
synclinoria,strip,hefty,fimbria,overbid,privy
custodes,bulldog,guest,praenomen,spiral,dippy
gurnard,overbear,clubby,media,run,dim
psalteria,slug,runny,graf,vilify,churchy
topoi,slop,fleshly,uighur,scat,grouty
sequestra,get,funny,ovum,humbug,spry
antihelices,tranship,gaudy,fiasco,quarrel,homey
hypogastria,wad,wispy,impi,slog,grotty
nulliparae,oversimplify,gabby,cheder,ham,miffy
globefishes,overtop,privy,sente,nid-nod,passer
gateaux,spot,fiddly,appoggiatura,back-pedal,friendly
mementoes,have,beery,man-of-war,chide,drowsy
hamuli,blub,comfy,momus,caddie,lippy
philodendra,whip,moody,mudejar,chondrify,nervy
dieses,enwrap,quaky,gynoecium,outstrip,rutty
flatfeet,handicap,glib,modiolus,upheave,rushy
spicae,become,gritty,haruspex,choose,mucky
shinleaves,trapan,lander,xiphisternum,frenchify,trashy
goes,withdraw,maungy,hallah,sweep,skimpy
osar,grab,greedy,raphe,have_a_feeling,snotty
flyleaves,appal,spiny,gumma,unwrap,gaudy
gammadia,trepan,cheesy,duo,lobby,snappy
conversazioni,demob,tricky,fungus,log,deserter
gasses,forswear,rimy,autochthon,nib,throaty
vertices,jump_off,leaky,multipara,tap,clammy
strati,quit,soupy,lacunar,slug,dirty
nucelli,debar,jammy,calculus,pub,kinky
djinn,squib,signaler,heraklid,calcify,gammy
desiderata,pug,newsy,decemvir,imbed,grisly
encephalitides,gin,heavy,ancon,nib,patchy
planulae,rethink,sickly,lumbus,overtop,brooder
mafiosi,aver,soapy,momentum,pummel,crummy
cerebella,curvet,dimer,goose,drug,witty
haredim,slag,northerner,hoof,sum,brashy
gps,strum,ropy,datum,giddy,stumpy
ischia,prig,gritty,genesis,wake,dry
bijoux,kernel,tawdry,rachis,outdraw,swagger
amphicia,espy,sleazy,synarthrosis,scud,piggy
fricandoes,crucify,luny,numbfish,bed,pulpy
lustra,tup,surly,stirps,tug,flinty
pepla,flit,foggy,epexegesis,overlap,hearty
cataloes,whop,herby,primordium,overwrite,shabby
acari,single-step,skimpy,conjunctiva,overbuild,glum
aristae,mishit,trim,verruca,grip,corny
bases,slot,snaky,capriccio,hinny,giddy
leptocephali,spit,scrubby,hibernaculum,expel,fit
jellyfishes,misdeal,dowie,veto,forswear,merry
aggiornamenti,deter,ghostly,leu,become,weighty
scrota,drum,unfriendly,plica,blow_one's_nose,greedy
lapilli,foredo,beady,amora,pet,blue
messeigneurs,clem,dreary,autocatalysis,mat,busty
carabinieri,snog,lumpy,rhyton,embody,sleepy
ligulae,slat,twiggy,clepsydra,coordinate,unfriendly
fasciculi,tram,humpy,lur,precancel,blowzy
acini,trammel,racy,haler,palsy,shrubby
polyparia,say,frizzly,proptosis,quick-freeze,renter
clypei,wet,bushy,tetraskelion,typewrite,peachy
loculi,get_started,savvy,nodus,stencil,leggy
homunculi,misgive,frizzy,amphioxus,drivel,bossy
litai,rough-dry,colly,hyrax,pod,drab
solaria,argufy,guilty,hemielytron,stratify,nitty
mammillae,lap,godly,acetabulum,demystify,washy
geneses,cancel,dopey,uredo,crucify,earthy
multiparae,vet,breathy,pulvinus,pad,natty
felos_de_se,hovel,prosy,cingulum,cleave,multiplexer
memoranda,overflow,canter,proboscis,flop,chippy
sassanidae,reunify,ungainly,nebula,flurry,saucy
dominoes,rely,snotty,flatfish,brim,header
buckoes,lie_for,mucky,ameba,clepe,edgy
uredosori,militate_against,dusky,ochrea,regret,musty
triforia,frolic,smarmy,castrato,whistle-stop,prim
prosencephala,whistle-stop,slinky,caecum,upspring,groggy
caldaria,take_a_side,rusty,serum,fill_up,flinty
annuli,bid,stalky,prosthesis,dogleg,lucky
ecdyses,demit,nitty,mora,tot,baggy
ciscoes,fulfil,bayer,nidus,unify,jaunty
keeshonden,disenthral,blue,inoculum,slam,meaty
ricercari,strum,bubbly,glans,squid,miser
oldwives,bayonet,maungy,staminodium,undertake,dowdy
retinae,grip,scrawny,flamingo,dream,funky
syllabi,sun,bitty,chela,misfit,paster
reis,whir,shy,starets,clip,canny
vacua,yodel,grainy,bucktooth,blow_one's_nose,tweedy
hadarim,twin,red,frau,flam,risky
culti,bag,laky,labarum,satisfy,mealy
clani,be,mangy,paraselene,outrun,faulty
testae,hang,saucy,lex,smite,waster
mediae,blue-pencil,chippy,vacuum,bop,pappy
calces,counterplot,bony,epicalyx,inwrap,picky
nodi,ret,whimsy,varix,shake_hands,trimer
plicae,frolic,creamy,paisa,laurel,zippy
castrati,deal,plummy,volkslied,swag,hazy
cloverleaves,rat,unhealthy,canthus,simplify,early
naumachiae,shit,brashy,whitefish,dial,lengthy
protozoa,underwrite,sonsy,corybant,leapfrog,retailer
lacunaria,admit,pricy,squash,unbind,scraggly
parentheses,combat,nervy,ectozoan,vag,wily
ichthyosauruses,supply,old-timer,rabato,unpin,dotty
succedanea,unstop,lordly,quantum,snug,ropy
tintinnabula,sop,deserter,loti,kidnap,snuffy
irs,flat,fancy,schatchen,tar,thready
gemmae,unman,measly,thymus,phantasy,flimsy
herbaria,tittup,priestly,atrium,bind,busy
goosefishes,hiccup,knotty,thrombus,acquit,customer
enarthroses,quickstep,starry,condyloma,bedevil,pawky
pygidia,pup,puny,aspergillum,choose,glossy
pycnidia,spit,healthy,krona,blub,stony
latices,whiz,wealthy,chinese_eddo,impanel,brainy
consortia,dim,costumer,wagon-lit,have_left,bloodthirsty
gonococci,smite,dirty,antheridium,spit,cracker
loups-garous,horsewhip,podgy,fedayee,war,bloodthirsty
conquistadores,blot,baggy,lev,reset,mouldy
labia,gag,gawky,keeshond,frit,reedy
petechiae,syllabify,cracker,piscina,bat,balmy
ultimata,whap,choosy,lionfish,twin,classy
canaliculi,fag,earthly,negrillo,nidify,stumpy
lyttae,unthink,screwy,eryngo,horsewhip,spicy
blackfeet,commit,coder,diplococcus,slot,chancy
diaphyses,scum,springy,squiz,wildcat,groggy
ossa,patrol,silky,dago,nip,patchy
viatica,sulphuret,catchy,frogfish,jump_off,dinky
eyeteeth,joypop,snooty,cerebrum,trip,ler
silvae,unpin,winy,actinozoan,gin,cheeky
ubermenschen,baby-sit,knotty,major_axis,behold,loony
parapraxes,unspeak,risky,paso_doble,recap,wispy
gemboks,nag,ungodly,penni,untie,after
vertebrae,swear,baulky,domatium,prod,fluffy
fractostrati,corral,kooky,bucko,mistake,drowsy
pancratia,pry,natty,fellah,throw,glassy
limina,chondrify,brashy,flittermouse,yak,pulpy
allodia,snivel,colly,consortium,leapfrog,right-hander
roma,debus,pulpy,cognosente,forget,feller
fellaheen,story,dishy,pithos,gan,fledgy
neurohypophyses,pin,heady,solfeggio,rot,red
glabellae,bird-dog,churchy,vitta,bet,creepy
shofroth,gum,beastly,androclinium,dig,scrappy
aposiopeses,underfeed,brawny,mudfish,equip,hairy
limbi,diagram,haughty,antithesis,have,roomy
movers_and_shakers,quip,prickly,succubus,abet,TRUE
atheromata,shop,rattly,solo,snip,slaty
minae,sulphuret,beery,insectarium,ravel,pretender
morphoses,bear,crasher,coma,flag,churchy
street_children,distil,snotty,heldentenor,allow_for,muzzy
anthozoa,flip-flop,salter,carolus,fob,oily
dogfishes,gip,glad,pithecanthropus,mob,stormy
branchiae,overshoot,oozy,stonefish,dulcify,icy
bambini,wake,deadly,catena,skim,queenly
rondeaux,upsweep,bossy,vibraculum,parallel,nifty
men-at-arms,swap,ghostly,signora,skydive,raunchy
substrasta,unkennel,fishy,fieldmouse,slide,spooky
anamorphoses,solemnify,dopey,congius,make,gloomy
pronuclei,belly,fuzzy,neuropteron,trim,showy
adyta,tip,meaty,libretto,denazify,teetotaler
cesurae,undo,feisty,hypothalamus,trek,lacy
cingula,sham,sly,libra,disinter,chary
megasporangia,pat,leery,nautilus,petrify,cosy
taxa,rub,grassy,cloverleaf,shine,pasty
sola,high-hat,scraggy,optimum,booby-trap,wintry
amphioxi,drug,skinny,embolus,forbid,surly
fumatoria,outshine,thorny,calico,waylay,limy
barramundies,wad,scraggy,rosarium,beseech,wintery
ariette,bur,bower,cribellum,classify,dishy
wreckfishes,tug,measly,alkali,din,dumpy
corrigenda,spend,wintry,mammilla,presignify,dewy
caryopsides,knap,slim,mezuzah,clog,nosy
palmettoes,crosscut,balky,ommatidium,plug,scary
chuvashes,panel,platy,antenna,mimic,moony
axillae,pan,jerky,fucus,plod,crusty
innuendoes,dissatisfy,lairy,supernova,swab,gummy
shadchanim,upbuild,swarthy,krone,grind,jerky
epentheses,mutiny,wormy,ecclesia,whiz,lippy
signore,underlay,stodgy,salvo,corral,musky
dibbukkim,grip,chewy,mamilla,mimic,courtly
leva,qualify,roomy,thief,gainsay,glad
blastulae,complot,noisy,mir,overman,trendy
astragali,annul,icy,diastema,cupel,lathy
galeae,befit,sassy,basidium,floodlight,seedy
bonefishes,swot,feisty,box_kodak,bing,strong
faculae,talc,slimsy,cavefish,program,plummy
soli,sell,tester,gonidium,bestir,corny
pylori,weatherstrip,hasty,perionychium,jib,unruly
sisters-in-law,dip,glum,cook-general,duel,salty
narcissi,transship,swagger,ascidium,red-pencil,scraggy
oothecae,keep,gooey,archerfish,rip,sightly
auspices,scat,funky,starfish,twin,furry
alodia,enwrap,folder,sister-in-law,sob,flaky
discoboli,pun,feller,cinerarium,fib,pudgy
parietes,tread,weepy,epyllion,give,dodgy
mycobacteria,eavesdrop,ruddy,ministerium,frolic,parky
fishes,underpin,husky,rouleau,sum,techy
brants,fructify,loony,lat,freeze,porter
intimae,backslide,courtly,micronucleus,vet,talky
involucra,dip,shady,culpa,vet,bayer
indigoes,bite,off,etymon,mop,lacy
embargoes,brim,grassy,larynx,get_started,kindly
haemoptyses,eat,mucky,mont-de-piete,ride,winy
larynges,resit,stagy,loculus,bullyrag,thready
anagnorises,try,solder,folium,wrap,scraggly
agnomina,unstick,sweaty,shammas,curet,piny
synapses,jam,spooky,fricando,bevel,rainy
parapodia,coopts,grouper,velum,underbuy,nutty
quarterstaves,sing,stately,ghetto,ko,steamy
cilia,scrub,stormy,hallah,outfight,tubby
metacarpi,beset,customer,submucosa,bag,breathy
tarsometatarsi,nickel,leaky,triumvir,overtake,daffy
paramecia,travel,mazy,hectocotylus,colly,wry
prolepses,throw,lacy,bastinado,quiz,mirky
chadarim,enrol,draughty,gymnasium,ken,furry
challoth,drive,streamy,acinus,drub,washy
cruces,non-pros,tan,omentum,identify,roily
loricae,ammonify,stretchy,tapetum,clothe,horny
scopulae,web,burly,buffalo,tip,mingy
tallaisim,soft-pedal,quaky,herma,patrol,dusty
continua,knot,dewy,subcortex,libel,glib
libretti,ladify,bawdy,adenoma,fret,clubby
indumenta,be,breezy,jinni,gum,mouldy
stonefishes,impel,woodsy,apothecium,debar,draughty
chiasmi,transship,baggy,stipes,gild,beady
cicale,ricochet,milky,argali,argufy,hammy
selves,undercut,hind,atmolysis,refit,thin
scolices,tunnel,talky,propylon,devil,foolhardy
bacchii,specify,milky,trivium,scan,turfy
hematomata,play_a_part,flossy,moresco,spoon-feed,ghastly
scuta,join_forces,stocky,tegmen,bid,brawny
halloth,dwell,unruly,facula,overcome,crafty
ventriculi,jump_off,britisher,perichondrium,overbid,nitty
honoraria,overbid,nappy,phallus,lay,plumber
mesothoraces,disembody,haughty,motto,upspring,paltry
patinae,arc,cozy,strobilus,forsake,cranky
epididymides,overpay,crumbly,solarium,war,flashy
obeli,unteach,crazy,godchild,outspan,gawky
pinnae,seek,trendy,shacko,shun,thirsty
treponemata,pasquinade,plucky,horologium,marry,snatchy
bullae,prop,teeny,colon,outgeneral,teeny
stotinki,imbed,stretcher,protonema,outrun,recorder
centra,shellac,freaky,helix,ken,trendy
chefs-d'ouvre,strut,wealthy,kaddish,nag,lonely
volte,bit,costly,tarsus,physic,folder
limuli,outwear,dry,nucha,shake_hands,peppy
wanderjahre,draw,hep,quale,lie_for,starchy
medullae,feed,dusty,symposium,ally,tony
referenda,go,sultry,lentigo,tread,leer
polyzoaria,outcrop,moony,vitellus,propel,friendly
manubria,hurry,toothy,mycobacterium,pal,shoddy
clitella,empty,mouthy,man-of-war,overthrow,queasy
jewelfishes,outdraw,lairy,metanephros,sun,manky
colluvia,cabal,sad,myxoma,carol,prickly
spadices,sic,mothy,haredi,bestride,whacky
gynecia,overtake,dainty,summa,foreshow,broadcaster
peccadilloes,intercut,wiry,effluvium,quick-freeze,homely
fetiales,crap,grizzly,jellyfish,jitterbug,beefy
pharynges,frog,ashy,tomato,study,mazy
vortices,weep,pappy,cheval-de-frise,gun,drab
lubritoria,run,flabby,devilfish,chivy,starest
cicadae,booby-trap,snuffy,djinni,pip,speedy
ciceroni,untidy,bendy,septennium,frog,gabby
militated_against,know,snazzy,ash,abut,grassy
uteri,join_battle,offer,myofibrilla,quartersaw,fruity
intagli,presignify,bosky,pinko,bit,rutty
archipelagoes,stab,matter,curriculum,prop,flasher
shmoes,allow_for,after,erratum,shillyshally,hardy
emporia,net,hip,lemniscus,draw,downer
gyri,forego,rattly,haemodialysis,clam,lousy
logia,allow_for,wet,interrex,joypop,tweedy
foveae,tun,sweaty,myrmidon,drum,tangy
eluvia,shrive,drafty,agora,knit,dingy
disci,get_lost,knurly,zoaea,belly-flop,pricy
apotheoses,caddie,reedy,monkfish,unstring,boozy
muskallunge,take,rooky,scalenus,blue-pencil,peachy
decennia,nod,sleepy,lat,wear,unhealthy
rimae,oversleep,dumpy,pleuron,accompany,dreamy
taxes,cog,queenly,genus,shun,snazzy
calicoes,debar,tinny,elytron,beset,cagey
schuln,behold,breathy,hetaira,hit,lowlander
hogfishes,zip,clumsy,haggada,chitchat,flaky
radices,sprig,seconder,bongo,victual,platy
santimi,unbar,comely,lingua_franca,ricochet,sultry
aponeuroses,accompany,goodly,hypha,sink,musky
culs-de-sac,format,stroppy,psalterium,parody,empty
tali,red,slippy,mesenteron,overblow,bawdy
jambeaux,unclog,right-winger,refugium,blat,thrifty
chiasmata,kneel,scrawny,gynoecium,rap,husky
broadleaves,lob,bosky,velarium,estop,rusty
squamae,jellify,snazzy,hyperostosis,geld,goodly
pipefishes,flannel,soupy,passer-by,oversell,pedaler
fibromata,shrug,cheeky,catabasis,pit,bubbly
children,hew,slaver,fibula,stot,tasty
pilei,trig,dozy,gastrula,format,silly
hyperostoses,curvet,slinky,crissum,codify,rimy
spectra,pig,smelly,ban,rewind,free
acanthi,fat,cloudy,cultus,lob,kindly
elenchi,tat,finny,stotinka,overlie,dreggy
thalamencephala,ko,needy,os,canopy,preachy
synopses,flop,groggy,rostrum,travel,courtly
adenocarcinomata,imbed,fledgy,sympodium,swim,godly
hypostases,overlap,yare,tintinnabulum,bless,rosy
imperia,nut,southerner,insula,plop,wholesaler
varices,rough-hew,toper,lied,handsel,slimsy
quanta,bullwhip,mousy,mother_superior,jemmy,mad
peristalses,pasquinade,manly,auto-da-fe,ring,interest
chalazae,grow,gutsy,epenthesis,stud,lusty
clingfishes,shun,leafy,analemma,twit,dippy
omayyades,span,trusty,philodendron,befit,groovy
sori,drab,raunchy,altocumulus,sod,left-hander
actiniae,bedevil,frowsy,rete,estop,homely
zecchini,outlay,eastsider,ephemeron,grin,grotty
dive,kennel,limy,ruga,underwrite,jumpy
zamindaris,declassify,cosy,cornea,fight,ghastly
novelle,knob,dirty,tooth,scud,tipsy
apophyses,plot,spry,cry,bog_down,TRUE
retiarii,swivel,cozy,real,casefy,plumy
crescendi,shred,smoky,honorarium,forbear,rowdy
miasmata,refer,lively,atheroma,peg,guest
hyniums,pencil,horny,chasid,redo,barmy
entia,ban,springy,shmo,jut,worthy
hajjes,strow,dry,aspergillus,ricochet,scabby
fractocumuli,precancel,right-hander,crux,rewrite,hefty
chalutzim,recopy,fleshy,stele,cod,woody
phyla,bypass,dishy,rilievo,lead,primer
bassi,grind,smug,megaron,trot,goosy
batfishes,misspell,bleary,king-of-arms,sip,drippy
shackoes,stum,peachy,portmanteau,go_deep,wispy
patagia,compel,holy,nubecula,stir,shy
saltarelli,subjectify,unhealthy,hematoma,ply,streamy
geckoes,trepan,sooty,swordfish,unthink,stony
gentlemen-farmers,unplug,arty,mover_and_shaker,pistol,oozy
lives,hide,hippy,umbo,cop,gutsy
ballistae,overthrow,churchy,paraphysis,pillory,chummy
mestizoes,scat,teeny,caulis,hob,bouncy
telae,joypop,speedy,cargo,unteach,springer
mesdemoiselles,chip,crummy,papyrus,wed,jolly
mythoi,dally,bad,cercaria,unzip,sonsy
pentimenti,stupefy,wonky,appendix,fat,starchy
appoggiature,gam,flimsy,tetrahedron,guaranty,raunchy
anacolutha,shred,lofty,anthodium,tut-tut,nappy
supernovae,ko,assaulter,ricercare,worship,opener
shelves,stum,breezy,grosz,hug,wry
genus,lie,tubby,puparium,man,wavy
crises,disenthrall,creamer,daughter-in-law,unwrap,tardy
alewives,chat,creepy,apomixis,club,wealthy
stimuli,rise,ugly,yogi,resit,sulky
endothelia,repay,stagy,hypophysis,flip,pudgy
markkaa,jut,daffy,behoof,take_a_side,gradely
ashkenazim,fin,miser,epencephalon,exemplify,dewy
staretsy,slam,gammy,scoria,cancel,welsher
furfures,bog-down,shapely,rearmouse,shovel,daffy
endotheliomata,bar,scurvy,sweetiewife,crap,unholy
stelae,manumit,blue,corona,underpin,ungodly
virtuosi,bestride,bouncy,ranula,curry,mushy
mothers-in-law,frap,happy,discus,slag,frisky
trapezohedra,forgive,filthy,protasis,harry,assaulter
chassidim,denazify,piny,cicada,let,porky
zoosporangia,outgrow,weensy,miracidium,pig,stealthy
theses,unlearn,fluffy,navaho,aby,funny
candlefishes,fine-draw,loner,propylaeum,unbend,easy
septa,sap,brainy,carbonado,don,crazy
submucosae,pitapat,crusty,wharf,span,gauzy
lentigines,stride,fleecy,aboiteau,kneecap,filmy
hazzanim,jab,stalky,corium,bandy,picky
dodoes,funnel,untidy,judge_advocate_general,wigwag,wry
broadcast_media,overstep,scungy,apophysis,web,sonsy
termini,dolly,edgy,aciculum,kip,skinny
bronchi,physic,sickly,perineum,wiredraw,liter
specula,tally,pappy,herr,brutify,scraggy
pinnulae,decalcify,wily,brother-in-law,flannel,baggy
zeroes,befall,deadly,aspergillosis,hop,gaudy
shittim,foretell,trashy,bravado,bias,offer
alkalies,lap,sightly,exegesis,disbar,wiry
drachmae,take,stripy,epicedium,manumit,crusty
aecia,nap,prosy,felo_de_se,sing,tester
androclinia,pup,nutty,culex,rappel,solder
filariiae,duel,buggy,scopula,keep,spoony
epithelia,uprise,chunky,calcaneum,browbeat,hammy
artel,bedim,wary,praxis,wag,porky
killifishes,humbug,misty,plasmodesma,flannel,catchy
raphae,sum,glassy,stockfish,cup,soppy
matzoth,oversew,steamy,clypeus,militate_against,cranky
boxfishes,abut,seedy,guitarfish,dally,dimer
trabeculae,shikar,cleanly,diarthrosis,top,angry
chillies,pretty,flaunty,teredo,pettifog,swanky
bravoes,rim,tardy,discobolos,ham,classy
farragoes,pig,boner,lumen,compel,sly
pseudopodia,wring,sloppy,dryad,rat,leaky
tympana,betake,sulky,ephemera,enthral,ashy
theatres-in-the-round,take_pains,brainy,criterion,upswing,frowsy
aurei,intercrop,leafy,redia,revet,puny
faciae,equip,filthy,fishwife,rise,drafty
viatores,blow_one's_nose,weensy,separatrix,diversify,bouncy
aboiteaux,overrun,frosty,miosis,address,sooty
choux,lug,seemly,knight_templar,occur,tawdry
diaerses,oversee,lumpy,cumulostratus,can,freaky
occipita,unmake,weeny,crescendo,putrefy,submariner
kingfishes,footslog,toothy,daimio,prettify,attacker
mezuzoth,ricochet,musky,caudex,cavil,wiry
moslims,stink,serer,prothallium,nitrify,tricksy
vermes,teach,inky,os,pup,marshy
scirrhi,up,halter,eddo,countersink,chary
bases_on_balls,skid,cheeky,cephalothorax,transmit,craggy
ingushes,overdo,scruffy,collyrium,gap,chesty
coelentera,duel,palmy,pollex,weatherstrip,malty
amygdalae,slam,arty,optic_axis,bum,puffy
kibbutzim,shrive,weakly,hanger-on,disenthral,ungainly
lyses,weed,platy,narcissus,forespeak,ritzy
monts-de-piete,flub,gradely,obligato,amplify,empty
scoleces,tot,stumpy,microsporangium,nigrify,scrawny
caules,trig,viewy,metamorphosis,indwell,filmy
analemmata,bog_down,drowsy,leonid,overspend,squatty
rabatos,shrug,sulky,tallith,pinch-hit,talky
diagnoses,overwind,hungry,phi-phenomenon,bully,happy
apparatus,tidy,groovy,oarfish,nickel,drafty
amoraim,steady,zippy,siliqua,beget,clammy
horologia,caddie,draggy,siddur,fig,barmy
pulvini,forget,dry,sclerosis,kid,merry
schemata,see,laky,planetarium,horsewhip,britisher
fornices,flat,fruity,moratorium,high-hat,hazy
nimbostrati,zigzag,viewy,cavatina,fin,young
sudatoria,unwrap,canny,alluvium,bivouac,chunky
reremice,propel,bumpy,ocellus,interbreed,ratty
peritonea,sned,fleecy,perithecium,overlie,pally
caroli,housel,tidy,dichasium,wind,chummy
naiades,scud,cagey,papula,ravel,untidy
scherzandi,wham,dowie,intaglio,shrivel,flaggy
papillae,signal,dainty,vasculum,spat,crispy
pentahedra,ply,downer,aurora,drive,frouzy
endozoa,undergo,knurly,organa,foredo,tidy
nidi,beg,jaunty,telamon,eavesdrop,bulky
gentes,nidify,dressy,jus,shy,touchy
cramboes,grow,chuffy,moment_of_truth,yap,testy
alto-relievos,grip,kindly,housewife,unfreeze,soggy
senores,snip,oily,protozoan,whap,lively
paperknives,inlay,manky,sphinx,confer,curly
striae,bing,tweedy,apex,outwit,flaunty
momi,overspend,faulty,presa,wham,snazzy
subphyla,swivel,muddy,quadrennium,refer,crabby
torpedoes,jerry-build,showy,hymenopteran,extol,bandy
ctenidia,bleed,dippy,cercus,rig,seedy
machzorim,sob,flimsy,mother-in-law,intercrop,tubby
nevi,crop,musty,boletus,permit,soupy
omenta,gib,webby,mandingo,char,spindly
negritoes,benefit,number,chlamys,complot,spindly
columellae,canopy,nippy,gravamen,pat,snowy
cyclopes,foreknow,plumy,boschbok,curtsy,prissy
pneumobacilli,intromit,snaky,going-over,pip,sly
numbfishes,swig,crabby,ideatum,skinny-dip,owner
microsporangia,lie_for,roomy,ephemeris,shin,jaggy
knights_templar,whet,angry,cuticula,sleep,silly
refugia,slay,puffer,anthemion,hocus,podgy
placeboes,lob,pesky,podetium,overdrive,mingy
endostoses,wan,spiky,velamen,hide,swanky
stenoses,lot,loather,eucalyptus,swap,craggy
hippocampi,simplify,shy,pericranium,scrap,nervy
spumoni,overstep,lazy,micrococcus,allow_for,kooky
daymios,strip,passer,altostratus,crib,broody
haruspices,overthrow,buster,duodenum,lot,clerkly
salpae,rappel,inky,prostomium,stencil,cozy
scholia,prologue,bitty,stomodeum,single-step,lordly
aruspices,gin,privy,syllepsis,popes,witty
telangiectases,throw_out,tacky,terminus,tup,jerky
eucalypti,uppercut,lowly,myocardium,overhang,wet
maxima,confab,shoddy,salmonella,caddie,privy
prese,victual,hairy,palpus,demulsify,dicey
lati,chisel,paltry,dogma,cancel,hoary
pulvilli,denitrify,homely,hen-and-chickens,rival,easy
calyces,snip,nappy,simulacrum,co-star,juicy
ilia,gam,dusky,dido,tat,flimsy
epicanthi,bin,greedy,ilium,sic,punchy
abscissae,nonplus,daffy,brother,intercut,misty
alluvia,mat,grainy,tondo,omit,comfy
morceaux,label,slimsy,amnion,damnify,beady
exegeses,spag,sorry,subgenus,outgrow,techy
eidola,symbol,meaty,apotheosis,whop,grader
frescoes,resit,chesty,schema,cavil,eerie
retia,throw_out,hearty,dermatosis,knit,unhappy
anticlinoria,be,stingy,jackaroo,stet,nippy
stomodea,level,first-rater,subphylum,deter,jaggy
stirpes,tassel,ler,sequestrum,trammel,chewy
iambi,flip,scrappy,conidium,infer,gradely
subindices,subtotal,bushy,pronucleus,unlearn,signaler
nuclei,dig,dicey,differentia,facet,whimsy
gas,dry,stuffy,limulus,curse,pally
reticula,rib,waster,vulva,speed,baulky
macaronies,plead,scary,fricandeau,victual,crafty
argali,light,doughty,whipper-in,tally-ho,lumpy
dialyses,inbreed,porter,coryphaeus,skin-pop,sexy
pennae,tar,muster,hemelytron,lie,tatty
labara,carol,tricksy,chaeta,fructify,bulky
hieracosphinges,bog-down,messy,scyphozoan,trot,pussy
cherubim,allot,fluky,encomium,fuel,cute
oarfishes,plug,whacky,pericardium,taxis,cheery
recta,skydive,freaky,cranium,signify,flat
rhachises,drip,skewer,frustum,gravel,scungy
encephalomata,don,salty,glissando,stymie,foolhardy
pallia,trim,smug,carina,strum,woodsy
diathses,stymie,holy,mausoleum,hem,rimy
diaereses,outstrip,pally,igorrote,fit,preachy
miri,demur,loony,generatrix,set,counterfeiter
sartorii,jib,techy,phenomenon,strap,grounder
wunderkinder,smut,handy,oasis,photomap,frenchy
lamellae,hob,snatchy,cisco,pop,oozy
ephemerae,lie,bulky,squilla,unstop,bendy
succubi,enwind,muddy,epicardium,blow,fatty
pyxidia,dial,podgy,ambulacrum,flip-flop,piny
cymae,scram,founder,oogonium,pal,yare
pasos_dobles,intromit,dizzy,blastula,transmit,floaty
perichondria,subtotal,bendy,cherub,fancy,glum
conjunctivae,ken,wonky,acanthus,mad,dry
bisectrices,pun,picky,echinococcus,bespeak,stretchy
errata,weave,flat,bolshevik,recommit,worldly
katabases,glory,airy,placebo,housel,bunchy
himatia,omit,vest,stylops,undo,soapy
tenacula,swing,wintry,reticulum,gam,spiffy
aciculae,rival,pricy,hendecahedron,berry,early
catabases,unfreeze,flasher,ichthyosaurus,disembowel,sorry
unci,handsel,grounder,flight_of_stairs,underlie,windy
genua,swear,noisy,monad,spud,bad
chelae,sting,stretchy,wolf,gel,roily
papulae,knit,timely,proglottid,clop,prompter
cryings,rive,lusty,ichthyosaur,outshoot,burry
hypochondria,annul,shifty,cumulus,uppercut,spongy
perihelia,slag,preachy,graffito,apply,stroppy
androecia,retake,tardy,elf,sit,tatty
pudenda,repel,sooty,glochidium,whir,starry
octahedra,jog,grisly,extremum,withdraw,spooky
epencephala,hit,talky,claro,fat,acer
cortinae,jitterbug,cheery,divertimento,gen-up,splashy
flights_of_stairs,jab,blowsy,shophar,compel,fussy
brainchildren,sharecrop,stony,myelencephalon,swap,scraper
comedones,jump_off,sampler,lamella,crosscut,dusty
bookshelves,unzip,cranky,vas,empanel,vest
gippoes,rebuild,massy,flyleaf,retransmit,cheery
goings-over,unfreeze,flaggy,farrago,outgrow,spreader
